,r_name,b_name,r_wins,r_losses,r_draws,r_height,r_weight,r_reach,r_splm,r_str_acc,r_sapm,r_str_def,r_td_avg,r_td_avg_acc,r_td_def,r_sub_avg,b_wins,b_losses,b_draws,b_height,b_weight,b_reach,b_splm,b_str_acc,b_sapm,b_str_def,b_td_avg,b_td_avg_acc,b_td_def,b_sub_avg,winner_id,date
0,Jared Cannonier,Caio Borralho,17,7,0,180.34,93.88,196.85,4.62,52.0,4.19,58.0,0.47,47.0,62.0,0.0,16,1,0,186.69,91.7,190.5,2.91,60.0,2.06,60.0,1.99,63.0,77.0,0.5,0.0,"August 24, 2024"
1,Shane Young,Gabriel Miranda,13,8,0,172.72,65.99,184.15,5.24,41.0,5.51,52.0,0.63,19.0,65.0,0.0,16,6,0,180.34,70.52,180.34,3.8,54.0,7.97,37.0,2.85,33.0,,0.0,0.0,"September 09, 2023"
2,Nassourdine Imavov,Caio Borralho,16,4,0,190.5,83.9,190.5,4.45,56.0,3.26,59.0,0.85,32.0,79.0,1.14,17,1,0,186.69,83.45,190.5,3.61,60.0,2.34,63.0,1.56,60.0,77.0,0.52,1.0,"September 06, 2025"
3,Paul Craig,Caio Borralho,17,7,1,191.77,84.35,193.04,2.42,46.0,2.86,45.0,1.76,23.0,38.0,1.65,15,1,0,177.8,84.35,190.5,2.73,59.0,1.98,61.0,2.16,63.0,57.0,0.54,0.0,"May 04, 2024"
4,Marvin Vettori,Brendan Allen,19,8,1,182.88,84.35,187.96,4.54,46.0,4.37,57.0,1.51,45.0,70.0,0.43,24,7,0,187.96,90.07,190.5,3.55,54.0,3.67,46.0,1.53,38.0,57.0,1.28,0.0,"July 19, 2025"
5,Nassourdine Imavov,Brendan Allen,14,4,0,190.5,88.48,190.5,4.58,55.0,3.33,60.0,0.98,36.0,74.0,1.31,24,5,0,187.96,91.61,190.5,3.98,54.0,3.83,47.0,1.74,47.0,59.0,1.43,1.0,"September 28, 2024"
6,Makhmud Muradov,Caio Borralho,25,7,0,187.96,83.67,191.77,5.39,42.0,3.17,62.0,0.31,17.0,80.0,0.31,12,1,0,177.8,84.13,190.5,2.72,62.0,1.82,61.0,2.63,80.0,75.0,0.0,0.0,"October 22, 2022"
7,Andre Muniz,Brendan Allen,23,4,0,185.42,84.35,198.12,1.91,55.0,1.45,52.0,3.71,40.0,45.0,2.12,20,5,0,187.96,84.35,190.5,3.99,55.0,4.01,44.0,1.31,44.0,50.0,1.47,0.0,"February 25, 2023"
8,Sam Alvey,Brendan Allen,33,15,1,187.96,83.9,191.77,3.2,44.0,3.44,55.0,0.07,17.0,82.0,0.07,17,4,0,187.96,83.9,190.5,4.32,53.0,4.72,43.0,1.15,36.0,50.0,1.61,0.0,"February 05, 2022"
9,Krzysztof Jotko,Brendan Allen,24,5,0,185.42,84.35,195.58,3.02,42.0,2.26,57.0,1.35,40.0,83.0,0.07,19,5,0,187.96,84.35,190.5,4.15,55.0,4.18,44.0,1.2,41.0,50.0,1.37,0.0,"October 01, 2022"
10,Punahele Soriano,Brendan Allen,8,0,0,180.34,83.9,184.15,,,,,,,,,16,4,0,187.96,83.9,190.5,2.24,59.0,3.5,31.0,2.24,50.0,75.0,4.47,0.0,"July 24, 2021"
11,Karl Roberson,Brendan Allen,9,3,0,185.42,83.9,187.96,3.08,53.0,1.81,64.0,1.08,57.0,53.0,0.81,15,4,0,187.96,83.9,190.5,2.24,59.0,3.5,31.0,2.24,50.0,75.0,4.47,0.0,"April 24, 2021"
12,Nassourdine Imavov,Chris Curtis,12,4,0,190.5,87.98,190.5,4.32,51.0,3.81,59.0,0.68,22.0,73.0,1.7,30,10,0,177.8,84.35,191.77,5.59,51.0,6.22,56.0,0.0,,100.0,0.0,0.0,"June 10, 2023"
13,Brendan Allen,Chris Curtis,23,5,0,187.96,84.35,190.5,3.87,54.0,3.6,47.0,1.36,48.0,59.0,1.73,31,10,0,177.8,84.04,191.77,5.96,51.0,6.58,53.0,0.0,,92.0,0.0,1.0,"April 06, 2024"
14,Max Griffin,Chris Curtis,20,11,0,180.34,77.1,193.04,3.75,49.0,3.66,58.0,1.37,41.0,70.0,0.27,31,12,0,177.8,84.13,191.77,6.16,52.0,6.43,54.0,0.0,,83.0,0.0,0.0,"July 12, 2025"
15,Brendan Allen,Chris Curtis,16,4,0,187.96,83.9,190.5,2.24,59.0,3.5,31.0,2.24,50.0,75.0,4.47,20,5,0,177.8,84.35,191.77,,,,,,,,,0.0,"December 04, 2021"
16,Jack Hermansson,Chris Curtis,22,7,0,185.42,84.13,196.85,4.97,44.0,3.83,54.0,1.73,31.0,75.0,0.51,29,8,0,177.8,84.13,191.77,7.23,65.0,6.28,48.0,0.0,,100.0,0.0,1.0,"July 23, 2022"
17,Nassourdine Imavov,Joaquin Buckley,11,3,0,190.5,83.72,190.5,4.29,57.0,2.23,55.0,0.62,20.0,72.0,2.5,15,4,0,177.8,83.45,193.04,3.74,35.0,3.42,55.0,1.68,35.0,64.0,0.0,1.0,"September 03, 2022"
18,Phil Hawes,Chris Curtis,11,2,0,182.88,83.9,196.85,3.44,58.0,3.29,53.0,2.7,39.0,100.0,0.39,20,5,0,177.8,84.35,191.77,,,,,,,,,0.0,"November 06, 2021"
19,Stephen Thompson,Joaquin Buckley,17,7,1,182.88,83.22,190.5,4.11,46.0,3.03,55.0,0.26,42.0,66.0,0.0,19,6,0,177.8,77.1,193.04,4.25,36.0,3.12,58.0,1.69,44.0,69.0,0.0,0.0,"October 05, 2024"
20,Vicente Luque,Joaquin Buckley,22,9,1,180.34,82.99,191.77,5.17,53.0,5.15,52.0,1.04,61.0,63.0,0.67,17,6,0,177.8,77.32,193.04,3.87,33.0,3.31,58.0,1.51,37.0,65.0,0.0,0.0,"March 30, 2024"
21,Kamaru Usman,Joaquin Buckley,20,4,0,182.88,77.1,193.04,4.36,52.0,2.74,54.0,2.82,45.0,90.0,0.1,21,6,0,177.8,77.55,193.04,4.22,37.0,3.13,59.0,1.78,45.0,74.0,0.09,1.0,"June 14, 2025"
22,Chris Curtis,Joaquin Buckley,29,9,0,177.8,84.35,191.77,6.0,58.0,6.39,53.0,0.0,,100.0,0.0,15,5,0,177.8,84.35,193.04,3.61,33.0,3.42,54.0,1.35,30.0,67.0,0.0,1.0,"December 10, 2022"
23,Andre Fialho,Joaquin Buckley,16,6,0,182.88,77.32,187.96,3.17,39.0,6.22,47.0,0.0,,71.0,0.0,15,6,0,177.8,84.13,193.04,3.87,33.0,3.53,55.0,1.23,30.0,67.0,0.0,0.0,"May 20, 2023"
24,Alex Morono,Joaquin Buckley,23,8,0,180.34,76.87,182.88,5.2,42.0,4.14,58.0,0.29,20.0,50.0,0.36,16,6,0,177.8,77.32,193.04,3.76,32.0,3.42,55.0,1.43,35.0,67.0,0.0,0.0,"October 07, 2023"
25,Colby Covington,Joaquin Buckley,17,4,0,,,182.88,,,,,3.79,,,,20,6,0,177.8,81.63,193.04,4.13,36.0,3.2,58.0,1.96,46.0,69.0,0.0,0.0,"December 14, 2024"
26,Nassourdine Imavov,Ian Heinisch,9,3,0,190.5,83.9,190.5,4.17,62.0,2.03,60.0,0.5,13.0,60.0,2.0,14,4,0,180.34,83.9,182.88,3.67,52.0,3.02,60.0,1.22,19.0,62.0,0.49,1.0,"July 24, 2021"
27,Derek Brunson,Ian Heinisch,18,7,0,185.42,83.9,195.58,3.12,43.0,3.04,51.0,2.35,24.0,100.0,0.54,12,1,0,180.34,83.9,,3.67,58.0,2.07,52.0,1.0,14.0,50.0,2.0,1.0,"August 17, 2019"
28,Kelvin Gastelum,Ian Heinisch,16,6,0,175.26,83.9,181.61,3.86,44.0,2.87,61.0,0.82,50.0,63.0,0.18,14,3,0,180.34,83.9,182.88,3.67,52.0,3.02,60.0,1.22,19.0,62.0,0.49,1.0,"February 13, 2021"
29,Nikita Krylov,Paul Craig,27,8,0,190.5,97.82,196.85,4.33,56.0,2.52,44.0,1.34,33.0,56.0,1.34,15,4,1,191.77,98.55,193.04,2.59,51.0,2.39,50.0,2.06,25.0,56.0,1.9,0.0,"March 19, 2022"
30,Modestas Bukauskas,Paul Craig,18,6,0,190.5,92.06,193.04,3.26,43.0,4.07,51.0,0.31,67.0,78.0,0.16,17,9,1,191.77,93.42,193.04,2.54,45.0,3.0,44.0,1.47,19.0,35.0,1.38,1.0,"September 06, 2025"
31,Bo Nickal,Paul Craig,6,0,0,185.42,90.7,193.04,1.64,62.0,0.5,71.0,7.46,50.0,,7.46,17,8,1,191.77,90.07,193.04,2.45,46.0,2.97,44.0,1.68,21.0,38.0,1.57,1.0,"November 16, 2024"
32,Brendan Allen,Paul Craig,22,5,0,187.96,90.7,190.5,3.96,53.0,3.89,47.0,1.22,43.0,56.0,1.63,17,6,1,191.77,91.16,193.04,2.57,46.0,2.85,47.0,1.91,23.0,43.0,1.67,1.0,"November 18, 2023"
33,Mauricio Rua,Paul Craig,27,11,1,185.42,92.97,193.04,3.51,52.0,4.13,55.0,1.74,43.0,46.0,0.29,13,4,1,191.77,92.97,193.04,1.91,46.0,2.82,46.0,1.74,19.0,50.0,1.49,0.0,"November 21, 2020"
34,Modestas Bukauskas,Ion Cutelaba,17,6,0,190.5,92.06,193.04,3.32,42.0,4.11,50.0,0.37,67.0,71.0,0.19,19,10,1,185.42,92.97,190.5,4.3,43.0,3.38,47.0,4.17,52.0,75.0,0.11,1.0,"May 10, 2025"
35,Johnny Walker,Ion Cutelaba,18,7,0,198.12,100.68,208.28,3.45,59.0,2.78,42.0,0.23,100.0,63.0,0.69,16,7,1,185.42,92.97,190.5,4.81,42.0,3.39,48.0,4.75,63.0,79.0,0.0,1.0,"September 10, 2022"
36,Vinicius Moreira,Paul Craig,9,2,0,193.04,92.97,,2.8,52.0,16.02,41.0,0.0,0.0,,0.0,11,4,0,191.77,92.97,193.04,1.91,46.0,2.82,46.0,1.74,19.0,50.0,1.49,0.0,"September 21, 2019"
37,Mauricio Rua,Paul Craig,26,11,0,185.42,92.97,193.04,3.51,52.0,4.13,55.0,1.74,43.0,46.0,0.29,11,4,0,191.77,92.97,193.04,1.91,46.0,2.82,46.0,1.74,19.0,50.0,1.49,0.0,"November 16, 2019"
38,Magomed Ankalaev,Ion Cutelaba,13,1,0,190.5,92.97,190.5,3.46,57.0,1.24,68.0,0.68,33.0,86.0,0.0,15,5,0,185.42,92.97,190.5,5.24,39.0,3.21,49.0,1.64,67.0,80.0,0.0,1.0,"October 24, 2020"
39,Kennedy Nzechukwu,Ion Cutelaba,10,3,0,195.58,92.97,210.82,4.68,44.0,4.36,52.0,0.79,63.0,81.0,0.16,16,8,1,185.42,95.69,190.5,4.61,42.0,3.26,48.0,4.68,63.0,77.0,0.0,1.0,"November 19, 2022"
40,Ryan Spann,Ion Cutelaba,21,7,0,195.58,93.42,200.66,3.43,45.0,3.54,47.0,1.58,38.0,60.0,1.58,16,6,1,185.42,92.97,190.5,4.91,43.0,3.43,48.0,4.39,60.0,79.0,0.0,1.0,"May 14, 2022"
41,Tanner Boser,Ion Cutelaba,20,9,1,187.96,103.85,191.77,4.21,52.0,2.2,63.0,0.0,,65.0,0.0,16,9,1,185.42,93.42,190.5,4.43,42.0,3.3,48.0,4.7,58.0,77.0,0.0,0.0,"April 15, 2023"
42,Glover Teixeira,Ion Cutelaba,28,7,0,187.96,92.97,193.04,3.46,43.0,3.65,56.0,2.21,46.0,61.0,0.86,14,3,0,185.42,92.97,190.5,4.62,35.0,3.16,49.0,1.95,67.0,69.0,0.0,1.0,"April 27, 2019"
43,Modestas Bukauskas,Rafael Cerqueira,16,6,0,190.5,98.41,193.04,3.21,42.0,4.11,50.0,0.38,67.0,71.0,0.19,11,1,0,190.5,92.06,,1.18,100.0,32.94,22.0,0.0,,,0.0,1.0,"February 22, 2025"
44,Julius Walker,Rafael Cerqueira,6,1,0,193.04,92.97,198.12,5.73,50.0,5.8,41.0,1.0,11.0,100.0,0.0,11,2,0,190.5,92.52,193.04,3.28,43.0,14.43,43.0,0.0,,,0.0,1.0,"August 09, 2025"
45,Ibo Aslan,Rafael Cerqueira,13,1,0,190.5,99.77,196.85,6.83,45.0,4.53,65.0,0.0,,100.0,0.0,11,0,0,190.5,92.97,,,,,,,,,,1.0,"October 26, 2024"
46,Modestas Bukauskas,Marcin Prachnio,15,6,0,,,,,,,,,,,,17,7,0,190.5,99.77,187.96,5.61,55.0,3.3,55.0,0.17,20.0,58.0,0.0,1.0,"July 27, 2024"
47,Vitor Petrino,Marcin Prachnio,8,0,0,187.96,92.52,196.85,3.43,49.0,2.16,48.0,4.45,78.0,67.0,0.64,16,6,0,190.5,92.97,187.96,5.7,54.0,3.26,55.0,0.0,0.0,63.0,0.0,1.0,"July 08, 2023"
48,Devin Clark,Marcin Prachnio,14,8,0,182.88,92.97,190.5,2.99,56.0,2.95,44.0,2.35,34.0,61.0,0.08,16,7,0,190.5,99.77,187.96,5.39,55.0,3.25,54.0,0.0,0.0,55.0,0.0,0.0,"February 10, 2024"
49,Jimmy Crute,Marcin Prachnio,10,0,0,,,187.96,,,,,1.01,,,,17,8,0,190.5,100.0,187.96,5.57,54.0,3.24,54.0,0.15,20.0,54.0,0.0,1.0,"July 19, 2025"
50,William Knight,Marcin Prachnio,11,4,0,177.8,92.97,185.42,2.95,59.0,2.99,33.0,2.07,45.0,48.0,0.48,15,6,0,190.5,92.97,187.96,5.84,54.0,4.15,54.0,0.0,0.0,54.0,0.0,0.0,"February 18, 2023"
51,Modestas Bukauskas,Michal Oleksiejczuk,11,3,0,190.5,92.97,198.12,3.56,38.0,5.7,43.0,0.0,,100.0,0.0,14,4,0,182.88,92.97,187.96,4.83,56.0,2.91,69.0,1.05,67.0,36.0,0.0,0.0,"March 27, 2021"
52,Michel Pereira,Michal Oleksiejczuk,28,11,0,185.42,83.9,185.42,5.09,54.0,3.74,58.0,1.56,55.0,94.0,0.57,19,6,0,182.88,88.62,187.96,5.12,51.0,4.17,62.0,0.76,44.0,48.0,0.0,1.0,"March 09, 2024"
53,Gerald Meerschaert,Michal Oleksiejczuk,37,18,0,185.42,91.61,196.85,3.1,46.0,3.45,53.0,2.01,35.0,43.0,1.52,20,9,0,182.88,84.35,187.96,5.08,51.0,4.61,59.0,1.08,44.0,48.0,0.0,0.0,"August 16, 2025"
54,Jimmy Crute,Michal Oleksiejczuk,10,0,0,,,187.96,,,,,1.01,,,,14,2,0,182.88,92.97,187.96,5.43,59.0,3.68,70.0,1.81,67.0,,0.0,1.0,"February 22, 2020"
55,Cody Brundage,Michal Oleksiejczuk,8,2,0,182.88,90.7,182.88,2.65,54.0,2.65,52.0,1.81,30.0,69.0,1.2,17,5,0,182.88,91.61,187.96,4.95,50.0,4.19,65.0,0.7,43.0,50.0,0.0,0.0,"December 17, 2022"
56,Shara Magomedov,Michal Oleksiejczuk,12,0,0,,,,,,,,,,,,19,7,0,182.88,88.62,187.96,5.06,51.0,4.26,61.0,0.75,44.0,48.0,0.0,1.0,"August 03, 2024"
57,Dustin Jacoby,Michal Oleksiejczuk,15,5,1,190.5,92.34,193.04,5.2,49.0,3.63,59.0,0.3,40.0,59.0,0.0,16,4,0,182.88,93.42,187.96,4.8,53.0,3.74,65.0,0.64,40.0,47.0,0.0,1.0,"March 05, 2022"
58,Sedriques Dumas,Michal Oleksiejczuk,10,2,0,187.96,83.9,200.66,2.15,49.0,2.03,59.0,1.31,36.0,40.0,0.26,19,9,0,182.88,89.71,187.96,5.08,51.0,4.61,59.0,1.08,44.0,48.0,0.0,0.0,"April 12, 2025"
59,Caio Borralho,Michal Oleksiejczuk,13,1,0,177.8,84.35,190.5,2.36,62.0,1.6,61.0,2.23,75.0,50.0,0.49,18,5,0,182.88,84.35,187.96,4.94,50.0,3.98,65.0,0.67,43.0,43.0,0.0,1.0,"April 29, 2023"
60,Chidi Njokuani,Michal Oleksiejczuk,22,9,0,190.5,88.16,203.2,3.82,62.0,2.62,56.0,0.0,0.0,70.0,0.28,18,6,0,182.88,88.62,187.96,4.82,50.0,4.02,63.0,0.6,38.0,45.0,0.0,0.0,"August 26, 2023"
61,Sam Alvey,Michal Oleksiejczuk,33,17,1,187.96,92.97,191.77,3.3,45.0,3.57,53.0,0.07,17.0,82.0,0.07,16,5,0,182.88,93.42,187.96,4.75,50.0,4.27,64.0,0.73,43.0,47.0,0.0,0.0,"August 06, 2022"
62,Kevin Holland,Michal Oleksiejczuk,25,11,0,190.5,77.1,205.74,4.24,49.0,3.19,51.0,0.85,39.0,55.0,0.55,19,7,0,182.88,88.62,187.96,5.06,51.0,4.26,61.0,0.75,44.0,48.0,0.0,1.0,"June 01, 2024"
63,Shamil Gamzatov,Michal Oleksiejczuk,14,0,0,187.96,100.23,193.04,4.27,46.0,2.13,59.0,0.0,0.0,50.0,0.0,15,4,0,182.88,92.97,187.96,4.83,56.0,2.91,69.0,1.05,67.0,36.0,0.0,0.0,"October 30, 2021"
64,Alex Pereira,Andreas Michailidis,0,0,0,193.04,84.26,200.66,,,,,,,,,13,4,0,182.88,83.9,193.04,,,,,,,,,1.0,"November 06, 2021"
65,Rinat Fakhretdinov,Andreas Michailidis,0,0,0,,,,,,,,,,,,13,5,0,182.88,83.9,193.04,3.91,51.0,3.91,50.0,1.78,33.0,,0.0,1.0,"June 04, 2022"
66,Bolaji Oki,Mason Jones,10,2,0,177.8,70.52,185.42,7.05,45.0,4.76,62.0,1.24,75.0,86.0,0.0,12,2,0,177.8,70.52,187.96,5.56,42.0,4.46,49.0,4.24,53.0,80.0,0.0,0.0,"September 06, 2025"
67,Jeremy Stephens,Mason Jones,28,19,0,173.99,75.74,180.34,3.17,41.0,3.05,58.0,1.16,38.0,65.0,0.39,11,2,0,177.8,70.52,187.96,5.61,44.0,4.94,46.0,3.16,46.0,80.0,0.0,0.0,"May 03, 2025"
68,Bolaji Oki,Michael Aswell,9,2,0,177.8,70.75,185.42,5.63,46.0,2.58,64.0,2.11,75.0,86.0,0.0,10,2,0,172.72,70.29,175.26,10.33,50.0,6.8,53.0,0.0,,57.0,0.0,1.0,"May 31, 2025"
69,Bolaji Oki,Chris Duncan,9,2,0,,,,,,,,,,,,11,2,0,177.8,80.0,181.61,4.88,47.0,3.65,49.0,3.85,38.0,33.0,0.0,0.0,"September 28, 2024"
70,Alan Patrick,Mason Jones,15,3,0,177.8,70.29,187.96,1.88,43.0,2.39,46.0,3.92,,67.0,0.36,10,1,0,177.8,70.29,187.96,,,,,,,,,0.0,"June 05, 2021"
71,Jordan Vucenic,Chris Duncan,13,3,0,179.07,70.29,185.42,2.27,40.0,2.0,56.0,0.0,0.0,75.0,0.0,12,2,0,177.8,78.59,181.61,4.7,47.0,4.0,49.0,3.53,37.0,33.0,0.35,0.0,"March 22, 2025"
72,Manuel Torres,Chris Duncan,14,2,0,177.8,75.15,186.69,9.66,59.0,3.76,57.0,0.0,0.0,100.0,0.0,11,1,0,177.8,80.0,181.61,5.08,47.0,3.74,50.0,3.63,39.0,100.0,0.0,1.0,"February 24, 2024"
73,Mateusz Rebecki,Chris Duncan,20,2,0,170.18,72.56,167.64,4.7,49.0,4.13,55.0,3.84,75.0,45.0,0.77,13,2,0,177.8,70.29,181.61,4.2,46.0,3.63,48.0,4.1,44.0,38.0,0.59,0.0,"August 02, 2025"
74,Axel Sola,Rhys McKee,10,0,1,,,,,,,,,,,,14,6,1,187.96,77.55,198.12,5.16,44.0,7.92,46.0,0.0,0.0,41.0,0.0,1.0,"September 06, 2025"
75,Ange Loosa,Rhys McKee,9,3,0,177.8,86.17,187.96,6.24,45.0,7.47,50.0,1.0,30.0,100.0,0.33,13,4,0,187.96,81.18,198.12,6.83,54.0,11.9,44.0,0.0,0.0,20.0,0.0,1.0,"September 02, 2023"
76,Chidi Njokuani,Rhys McKee,22,10,0,190.5,88.16,203.2,4.04,61.0,3.19,53.0,0.0,0.0,68.0,0.26,13,5,0,187.96,81.18,198.12,6.06,49.0,9.47,44.0,0.0,0.0,33.0,0.0,1.0,"March 30, 2024"
77,Azamat Murzakanov,Brendson Ribeiro,14,0,0,177.8,92.97,181.61,4.72,56.0,2.9,62.0,0.62,15.0,83.0,0.0,16,7,0,190.5,92.97,205.74,3.16,42.0,3.92,55.0,1.27,50.0,,0.42,1.0,"June 07, 2025"
78,Oumar Sy,Brendson Ribeiro,11,1,0,193.04,93.42,210.82,3.68,50.0,1.81,71.0,2.22,33.0,100.0,0.44,17,8,0,190.5,92.97,205.74,3.26,43.0,4.04,52.0,0.99,43.0,,0.66,1.0,"September 06, 2025"
79,Magomed Gadzhiyasulov,Brendson Ribeiro,1,0,0,,,,,,,,,,,,15,6,0,190.5,93.2,205.74,8.41,46.0,6.77,56.0,0.0,,,0.0,1.0,"June 22, 2024"
80,Alex Morono,Rhys McKee,17,6,0,180.34,77.1,182.88,4.42,40.0,3.1,61.0,0.0,0.0,35.0,0.56,0,1,0,,,,,,,,,,,,1.0,"November 14, 2020"
81,Diyar Nurgozhay,Brendson Ribeiro,1,0,0,,,,,,,,0.0,,,,16,7,0,190.5,92.97,205.74,3.16,42.0,3.92,55.0,1.27,50.0,,0.42,0.0,"March 15, 2025"
82,Oumar Sy,Da Woon Jung,10,0,0,193.04,98.0,210.82,0.0,0.0,0.81,25.0,8.07,67.0,,4.04,15,4,1,193.04,92.97,199.39,3.49,44.0,3.89,52.0,1.9,50.0,77.0,0.19,1.0,"September 28, 2024"
83,Zhang Mingyang,Brendson Ribeiro,16,6,0,187.96,99.23,,8.86,56.0,5.57,59.0,0.0,,,0.0,15,5,0,190.5,97.96,205.74,8.46,46.0,5.29,65.0,0.0,,,0.0,1.0,"February 17, 2024"
84,Caio Machado,Brendson Ribeiro,8,3,1,193.04,116.92,198.12,6.07,59.0,2.73,64.0,0.0,0.0,82.0,0.0,15,6,0,190.5,93.2,205.74,8.41,46.0,6.77,56.0,0.0,,,0.0,0.0,"November 02, 2024"
85,Carlos Ulberg,Da Woon Jung,9,1,0,193.04,92.74,195.58,8.13,62.0,3.45,53.0,0.92,100.0,100.0,0.0,15,4,1,193.04,92.97,199.39,3.39,43.0,3.53,53.0,2.1,50.0,80.0,0.23,1.0,"September 09, 2023"
86,Oumar Sy,Tuco Tokkos,9,0,0,193.04,92.97,,,,,,,,,,0,1,0,,93.42,,5.57,41.0,8.86,44.0,3.8,100.0,,0.0,1.0,"May 18, 2024"
87,Junior Tafa,Tuco Tokkos,6,3,0,190.5,109.3,190.5,3.36,49.0,2.84,52.0,0.0,,78.0,0.0,10,5,0,193.04,93.42,193.04,2.51,39.0,4.99,48.0,2.65,40.0,33.0,0.0,0.0,"July 12, 2025"
88,Navajo Stirling,Tuco Tokkos,1,0,0,,93.42,,7.07,68.0,3.4,49.0,0.0,0.0,100.0,0.0,10,4,0,,,193.04,,,,,1.96,,,,1.0,"December 14, 2024"
89,William Gomis,Joanderson Brito,13,2,0,182.88,71.66,185.42,2.62,47.0,1.49,76.0,1.06,60.0,82.0,0.71,17,3,1,172.72,75.96,182.88,3.35,52.0,2.65,46.0,3.11,77.0,63.0,0.62,1.0,"September 28, 2024"
90,Andre Fili,Joanderson Brito,21,8,0,180.34,65.99,187.96,3.8,37.0,3.86,52.0,2.5,50.0,68.0,0.16,12,3,1,172.72,65.99,182.88,3.33,47.0,3.13,50.0,2.98,63.0,,0.0,0.0,"April 30, 2022"
91,William Gomis,Robert Ruchala,14,3,0,182.88,66.21,185.42,3.53,52.0,2.86,61.0,0.62,27.0,74.0,0.41,0,0,0,,,,,,,,,,,,1.0,"September 06, 2025"
92,Jonathan Pearce,Joanderson Brito,14,4,0,182.88,70.29,180.34,6.11,56.0,3.66,56.0,5.74,56.0,59.0,0.85,15,3,1,172.72,73.47,182.88,4.02,53.0,2.92,51.0,3.89,73.0,,0.49,0.0,"November 18, 2023"
93,Pat Sabatini,Joanderson Brito,19,5,0,172.72,71.84,177.8,1.94,60.0,1.47,49.0,3.97,44.0,50.0,1.99,17,4,1,172.72,74.97,182.88,3.02,50.0,2.7,45.0,3.08,68.0,73.0,0.95,1.0,"April 05, 2025"
94,Jack Shore,Joanderson Brito,17,1,0,172.72,66.21,180.34,3.84,59.0,2.2,58.0,3.42,40.0,79.0,0.72,16,3,1,172.72,73.47,182.88,3.32,52.0,2.62,48.0,3.4,75.0,50.0,0.76,0.0,"May 04, 2024"
95,William Gomis,Yanis Ghemmouri,12,2,0,182.88,75.28,185.42,1.97,40.0,1.17,81.0,1.5,60.0,71.0,0.0,12,1,0,,70.29,,,,,,,,,,1.0,"September 02, 2023"
96,Bill Algeo,Joanderson Brito,14,6,0,182.88,65.76,185.42,6.37,54.0,4.87,40.0,0.5,29.0,56.0,0.0,1,0,0,172.72,65.99,182.88,4.31,59.0,1.96,50.0,4.41,75.0,,0.0,1.0,"January 15, 2022"
97,Youssef Zalal,Jarno Errens,14,5,1,177.8,61.45,182.88,2.88,49.0,1.73,66.0,2.28,34.0,61.0,1.34,14,5,1,180.34,73.61,185.42,3.44,46.0,3.36,63.0,0.0,0.0,29.0,0.33,1.0,"August 10, 2024"
98,SeungWoo Choi,Jarno Errens,10,6,0,182.88,74.2,189.23,3.43,37.0,3.19,45.0,0.85,50.0,67.0,0.0,13,4,1,180.34,73.61,185.42,1.33,38.0,2.13,54.0,0.0,0.0,40.0,1.0,1.0,"August 26, 2023"
99,Marcin Tybura,Ante Delija,27,9,0,190.5,113.38,198.12,3.6,49.0,3.31,55.0,1.39,34.0,75.0,0.12,17,3,0,193.04,110.2,200.66,,,,,,,,,0.0,"September 06, 2025"
100,Mohammed Usman,Mick Parkin,11,2,0,187.96,108.62,200.66,2.92,40.0,3.96,52.0,1.26,19.0,,0.0,8,0,0,193.04,120.18,200.66,4.41,53.0,4.01,56.0,2.35,42.0,50.0,0.47,0.0,"March 23, 2024"
101,Payton Talbott,Yanis Ghemmouri,8,0,0,177.8,61.68,179.07,8.05,54.0,3.58,51.0,0.0,0.0,90.0,0.48,12,2,0,,,,,,,,,,,,1.0,"June 29, 2024"
102,Marcin Tybura,Mick Parkin,26,9,0,190.5,113.83,198.12,3.57,49.0,3.26,55.0,1.42,33.0,77.0,0.13,10,0,0,193.04,120.18,200.66,4.91,53.0,4.15,58.0,1.49,42.0,50.0,0.3,1.0,"March 22, 2025"
103,Austen Lane,Jhonata Diniz,12,4,0,198.12,111.34,203.2,4.48,47.0,2.85,49.0,0.0,0.0,,0.0,6,0,0,193.04,115.19,201.93,7.69,42.0,7.38,37.0,0.0,,100.0,0.0,0.0,"April 27, 2024"
104,Marcin Tybura,Jhonata Diniz,25,9,0,190.5,114.29,198.12,3.57,49.0,3.34,55.0,1.42,33.0,77.0,0.13,8,0,0,193.04,117.91,201.93,4.09,53.0,2.75,56.0,0.0,,70.0,0.0,1.0,"November 16, 2024"
105,Marcin Tybura,Serghei Spivac,25,8,0,190.5,113.38,198.12,3.6,49.0,3.35,55.0,1.43,33.0,79.0,0.14,16,3,0,190.5,117.91,198.12,3.54,49.0,3.79,50.0,4.56,64.0,70.0,0.51,0.0,"August 10, 2024"
106,Marcin Tybura,Serghei Spivac,17,5,0,,,198.12,,,,,1.61,,,,9,1,0,190.5,117.91,198.12,,,,,,,,,1.0,"February 29, 2020"
107,Jailton Almeida,Serghei Spivac,21,3,0,190.5,112.47,200.66,2.46,64.0,0.72,40.0,6.85,59.0,75.0,2.6,17,4,0,190.5,117.91,198.12,3.51,50.0,3.72,50.0,4.63,65.0,70.0,0.66,1.0,"January 18, 2025"
108,Derrick Lewis,Serghei Spivac,26,10,0,190.5,125.17,200.66,2.57,51.0,2.57,41.0,0.6,28.0,55.0,0.0,15,3,0,190.5,113.38,198.12,3.79,51.0,2.96,55.0,4.09,64.0,70.0,0.39,0.0,"February 04, 2023"
109,Ciryl Gane,Serghei Spivac,11,2,0,193.04,116.1,205.74,5.08,60.0,2.25,63.0,0.61,21.0,45.0,0.51,16,3,0,190.5,117.23,198.12,3.79,51.0,2.84,56.0,5.05,66.0,70.0,0.56,1.0,"September 02, 2023"
110,Tom Aspinall,Serghei Spivac,10,2,0,195.58,114.74,198.12,7.43,66.0,3.06,66.0,3.54,100.0,,1.77,13,2,0,190.5,117.91,198.12,,,,,,,,,1.0,"September 04, 2021"
111,Tai Tuivasa,Serghei Spivac,10,1,0,187.96,119.73,190.5,4.42,52.0,3.06,59.0,0.0,0.0,100.0,0.0,9,0,0,190.5,117.91,,,,,,,,,,0.0,"October 05, 2019"
112,Augusto Sakai,Serghei Spivac,15,4,1,,,,,,,,,,,,14,3,0,190.5,110.43,198.12,3.79,50.0,3.22,55.0,3.29,60.0,70.0,0.22,0.0,"August 06, 2022"
113,Marcin Tybura,Blagoy Ivanov,23,7,0,190.5,114.51,198.12,3.61,49.0,3.38,55.0,1.42,33.0,79.0,0.07,19,4,0,180.34,114.97,185.42,3.44,42.0,4.21,54.0,0.9,40.0,78.0,0.15,1.0,"February 04, 2023"
114,Aleksei Oleinik,Serghei Spivac,59,15,1,187.96,106.58,203.2,3.47,51.0,3.85,44.0,2.38,46.0,33.0,2.38,12,2,0,190.5,117.91,198.12,,,,,,,,,0.0,"June 19, 2021"
115,Alexandr Romanov,Blagoy Ivanov,16,2,0,187.96,119.95,190.5,3.62,51.0,2.0,46.0,4.96,53.0,20.0,1.1,19,5,0,180.34,116.33,185.42,3.29,40.0,4.01,55.0,0.78,40.0,70.0,0.13,1.0,"July 01, 2023"
116,Derrick Lewis,Blagoy Ivanov,21,7,0,190.5,117.91,200.66,2.69,50.0,2.38,44.0,0.47,24.0,53.0,0.0,17,2,0,180.34,113.38,185.42,3.56,37.0,4.44,56.0,0.55,100.0,100.0,0.0,1.0,"November 02, 2019"
117,Marcin Tybura,Alexandr Romanov,22,7,0,190.5,112.93,198.12,3.65,49.0,3.44,55.0,1.54,33.0,82.0,0.08,16,0,0,187.96,107.26,190.5,4.23,53.0,1.35,44.0,6.46,70.0,20.0,1.62,1.0,"August 20, 2022"
118,Tai Tuivasa,Blagoy Ivanov,10,1,0,187.96,119.73,190.5,4.42,52.0,3.06,59.0,0.0,0.0,100.0,0.0,17,2,0,180.34,113.38,185.42,3.08,30.0,4.5,56.0,0.0,,100.0,0.0,0.0,"June 08, 2019"
119,Marcin Tybura,Greg Hardy,20,6,0,190.5,112.93,198.12,3.6,53.0,2.99,52.0,1.61,61.0,79.0,0.15,8,2,0,195.58,120.18,203.2,3.88,45.0,2.41,64.0,0.0,,67.0,0.0,1.0,"December 19, 2020"
120,Jailton Almeida,Alexandr Romanov,20,3,0,190.5,109.3,200.66,2.54,65.0,0.74,41.0,6.88,60.0,75.0,2.21,17,2,0,187.96,119.73,190.5,4.06,52.0,2.2,51.0,4.32,54.0,20.0,0.86,1.0,"June 01, 2024"
121,Alexander Volkov,Alexandr Romanov,35,10,0,200.66,117.91,203.2,4.88,57.0,3.04,54.0,0.51,70.0,72.0,0.15,16,1,0,187.96,120.63,190.5,3.78,51.0,1.86,48.0,5.18,62.0,20.0,1.15,1.0,"March 11, 2023"
122,Serghei Spivac,Greg Hardy,13,3,0,190.5,117.91,198.12,3.71,49.0,3.22,55.0,2.72,57.0,70.0,0.23,9,4,0,195.58,120.18,203.2,4.84,50.0,3.22,56.0,0.2,33.0,80.0,0.0,1.0,"March 05, 2022"
123,Alexander Volkov,Greg Hardy,30,7,0,200.66,113.38,203.2,6.28,60.0,3.35,57.0,1.2,75.0,75.0,0.0,4,1,0,195.58,120.18,203.2,3.88,45.0,2.41,64.0,0.0,,67.0,0.0,1.0,"November 09, 2019"
124,Maurice Greene,Greg Hardy,9,5,0,200.66,117.01,208.28,4.58,45.0,3.83,54.0,0.0,,67.0,0.87,8,2,0,195.58,120.18,203.2,3.88,45.0,2.41,64.0,0.0,,67.0,0.0,0.0,"October 31, 2020"
125,Tai Tuivasa,Greg Hardy,12,3,0,187.96,119.73,190.5,4.42,52.0,3.06,59.0,0.0,0.0,100.0,0.0,7,2,0,195.58,120.18,204.47,3.88,45.0,2.41,64.0,0.0,,67.0,0.0,1.0,"July 10, 2021"
126,Dustin Jacoby,Maxim Grishin,13,5,0,193.04,92.97,193.04,1.84,24.0,3.52,62.0,0.0,,29.0,0.0,31,8,2,190.5,92.97,198.12,,,,,,,,,1.0,"February 27, 2021"
127,Philipe Lins,Maxim Grishin,15,5,0,187.96,95.69,198.12,3.4,49.0,4.25,44.0,1.84,36.0,100.0,0.0,32,9,2,190.5,93.42,198.12,3.4,53.0,2.07,59.0,0.27,33.0,67.0,0.0,1.0,"June 03, 2023"
128,Gadzhimurad Antigulov,Maxim Grishin,20,7,0,180.34,92.97,179.07,1.78,54.0,5.45,22.0,9.51,50.0,,3.81,30,8,2,190.5,92.97,198.12,,,,,,,,,0.0,"October 17, 2020"
129,William Knight,Maxim Grishin,10,2,0,177.8,92.97,185.42,3.58,66.0,2.72,37.0,2.05,47.0,45.0,0.23,31,9,2,190.5,92.97,198.12,,,,,,,,,0.0,"February 12, 2022"
130,Marcin Tybura,Augusto Sakai,17,4,0,190.5,112.93,198.12,3.6,53.0,2.99,52.0,1.61,61.0,79.0,0.15,12,1,1,193.04,120.18,,7.9,51.0,11.17,58.0,1.07,100.0,89.0,0.0,0.0,"September 14, 2019"
131,Andrei Arlovski,Augusto Sakai,27,17,0,190.5,108.84,195.58,3.08,42.0,3.0,59.0,0.56,36.0,79.0,0.31,11,1,1,193.04,120.18,,7.9,51.0,11.17,58.0,1.07,100.0,89.0,0.0,0.0,"April 27, 2019"
132,Jairzinho Rozenstruik,Augusto Sakai,11,2,0,193.04,109.75,198.12,3.14,49.0,3.48,39.0,0.0,,80.0,0.0,15,2,1,190.5,120.18,195.58,5.32,48.0,4.02,50.0,0.15,50.0,67.0,0.0,1.0,"June 05, 2021"
133,Blagoy Ivanov,Augusto Sakai,18,2,0,,,185.42,,,,,0.55,,,,13,1,1,,,195.58,,,,,1.07,,,,0.0,"May 30, 2020"
134,Alistair Overeem,Augusto Sakai,46,18,0,193.04,117.91,203.2,3.65,73.0,4.69,60.0,0.6,25.0,73.0,0.3,15,1,1,190.5,120.18,195.58,5.46,46.0,6.75,55.0,0.33,50.0,83.0,0.0,1.0,"September 05, 2020"
135,Marcin Tybura,Shamil Abdurakhimov,17,4,0,190.5,112.93,198.12,3.6,53.0,2.99,52.0,1.61,61.0,79.0,0.15,19,4,0,190.5,106.58,193.04,2.44,46.0,2.24,60.0,1.5,27.0,67.0,0.21,0.0,"April 20, 2019"
136,Curtis Blaydes,Shamil Abdurakhimov,11,2,0,193.04,120.18,203.2,3.71,51.0,2.03,55.0,6.79,57.0,25.0,0.0,20,4,0,190.5,106.58,193.04,2.44,46.0,2.24,60.0,1.5,27.0,67.0,0.21,1.0,"September 07, 2019"
137,Guram Kutateladze,Kaue Fernandes,13,4,0,180.34,74.47,182.88,3.95,46.0,3.95,57.0,0.77,20.0,79.0,0.0,9,2,0,,,185.42,,,,,0.0,,,,0.0,"March 22, 2025"
138,Mohammad Yahya,Kaue Fernandes,12,4,0,,,,,,,,,,,,8,2,0,,,,,,,,,,,,0.0,"August 03, 2024"
139,Andreas Gustafsson,Rinat Fakhretdinov,12,2,0,185.42,77.1,186.69,5.83,77.0,2.79,46.0,6.43,59.0,100.0,0.0,23,1,1,182.88,77.55,187.96,4.78,53.0,3.58,54.0,3.95,34.0,92.0,0.2,0.0,"September 06, 2025"
140,Harry Hardwick,Kaue Fernandes,13,3,1,177.8,70.29,,,,,,,,,,10,2,0,175.26,70.29,185.42,0.41,50.0,5.7,29.0,0.0,,,0.0,0.0,"September 06, 2025"
141,Bryan Battle,Rinat Fakhretdinov,9,1,0,185.42,86.17,195.58,7.18,57.0,4.53,42.0,1.31,22.0,56.0,0.65,1,0,0,182.88,77.32,187.96,3.0,74.0,1.2,45.0,5.0,50.0,100.0,0.0,0.0,"December 17, 2022"
142,Kevin Lee,Rinat Fakhretdinov,18,7,0,177.8,77.32,195.58,3.89,42.0,3.56,50.0,3.19,43.0,75.0,0.76,20,1,0,182.88,77.55,187.96,2.93,68.0,0.7,57.0,6.0,63.0,100.0,0.0,0.0,"July 01, 2023"
143,Sam Patterson,Trey Waters,13,2,1,190.5,77.32,198.12,3.17,41.0,3.6,49.0,1.61,100.0,33.0,3.23,9,1,0,195.58,77.1,195.58,6.43,44.0,5.61,57.0,0.44,33.0,86.0,0.88,1.0,"September 06, 2025"
144,Sam Patterson,Kiefer Crosbie,11,2,1,190.5,81.63,198.12,2.54,39.0,3.41,49.0,1.19,100.0,33.0,3.57,10,4,0,180.29,84.35,,8.23,56.0,5.1,53.0,1.51,67.0,100.0,0.76,1.0,"July 27, 2024"
145,Taiyilake Nueraji,Kiefer Crosbie,11,1,0,187.96,77.32,190.5,11.01,49.0,7.39,59.0,0.0,,,0.0,10,5,0,180.34,83.49,177.8,6.61,52.0,6.49,51.0,0.69,40.0,100.0,0.34,1.0,"August 23, 2025"
146,Trevor Peek,Yanal Ashmouz,9,2,0,175.26,75.28,177.8,4.58,55.0,4.17,45.0,1.82,54.0,54.0,0.0,7,1,0,175.26,79.82,175.26,3.08,42.0,5.35,59.0,0.92,50.0,50.0,0.0,0.0,"September 07, 2024"
147,Chris Duncan,Yanal Ashmouz,10,1,0,177.8,70.75,181.61,4.69,53.0,4.69,42.0,4.73,37.0,,0.0,7,0,0,175.26,70.29,175.26,12.0,75.0,1.6,71.0,12.0,100.0,,0.0,1.0,"July 22, 2023"
148,Brad Tavares,Gerald Meerschaert,20,11,0,185.42,83.9,187.96,3.43,43.0,3.31,55.0,0.74,27.0,81.0,0.0,37,18,0,185.42,91.61,196.85,3.1,46.0,3.45,53.0,2.01,35.0,43.0,1.52,1.0,"April 05, 2025"
149,Brad Tavares,Robert Bryczek,21,11,0,,,,,,,,,,,,17,6,0,182.88,84.13,190.5,2.13,24.0,4.47,60.0,0.0,,100.0,0.0,0.0,"September 06, 2025"
150,Quillan Salkilld,Yanal Ashmouz,8,1,0,182.88,70.75,190.5,5.68,57.0,4.18,44.0,8.81,41.0,100.0,0.98,8,1,0,175.26,70.07,172.72,2.94,50.0,4.54,56.0,4.8,50.0,60.0,0.0,1.0,"June 07, 2025"
151,Dustin Stoltzfus,Gerald Meerschaert,13,3,0,182.88,83.9,190.5,3.68,42.0,4.0,47.0,0.48,9.0,50.0,0.48,33,14,0,185.42,83.9,196.85,3.41,44.0,3.75,52.0,2.58,40.0,44.0,1.82,0.0,"December 18, 2021"
152,Eryk Anders,Gerald Meerschaert,11,4,0,185.42,92.97,190.5,2.89,48.0,4.06,49.0,1.73,40.0,75.0,0.14,28,11,0,185.42,83.9,196.85,2.22,47.0,3.0,47.0,3.18,43.0,46.0,2.2,1.0,"October 12, 2019"
153,Edmen Shahbazyan,Gerald Meerschaert,13,4,0,189.23,89.34,190.5,3.6,52.0,4.09,46.0,2.24,39.0,63.0,0.56,36,17,0,185.42,92.52,196.85,3.18,45.0,3.37,54.0,2.17,38.0,34.0,1.63,0.0,"August 24, 2024"
154,Makhmud Muradov,Gerald Meerschaert,25,6,0,,,,,,,,,,,,32,14,0,,,,,,,,,,,,0.0,"August 28, 2021"
155,Trevin Giles,Gerald Meerschaert,11,0,0,182.88,83.9,187.96,5.45,67.0,1.13,76.0,3.69,100.0,67.0,0.0,28,11,0,185.42,83.9,196.85,2.63,48.0,3.56,47.0,3.64,44.0,50.0,2.43,0.0,"August 03, 2019"
156,Krzysztof Jotko,Gerald Meerschaert,23,5,0,185.42,92.88,195.58,2.92,42.0,2.24,57.0,1.15,34.0,84.0,0.08,33,14,0,185.42,83.9,196.85,3.11,45.0,3.43,53.0,2.42,42.0,35.0,2.01,1.0,"April 30, 2022"
157,Andre Petroski,Gerald Meerschaert,9,2,0,182.88,84.35,185.42,3.64,56.0,2.28,53.0,5.43,57.0,75.0,3.39,35,16,0,185.42,90.88,196.85,3.11,44.0,3.47,53.0,2.12,38.0,29.0,1.69,1.0,"August 19, 2023"
158,Khamzat Chimaev,Gerald Meerschaert,2,0,0,187.96,83.9,190.5,,,,,,,,,31,13,0,185.42,92.97,196.85,3.31,43.0,3.58,51.0,2.34,44.0,47.0,1.67,1.0,"September 19, 2020"
159,Ian Heinisch,Gerald Meerschaert,13,2,0,,,182.88,,,,,1.25,,,,29,11,0,185.42,83.9,196.85,2.22,47.0,3.0,47.0,3.18,43.0,46.0,2.2,1.0,"June 06, 2020"
160,Bartosz Fabinski,Gerald Meerschaert,15,4,0,182.88,86.17,190.5,2.22,70.0,1.35,54.0,7.17,71.0,80.0,0.0,31,13,0,185.42,83.9,196.85,3.31,43.0,3.58,51.0,2.34,44.0,47.0,1.67,0.0,"April 17, 2021"
161,Bruno Silva,Gerald Meerschaert,12,5,2,162.56,56.92,165.1,2.98,46.0,3.23,58.0,2.89,31.0,64.0,0.0,34,15,0,185.42,86.26,196.85,3.04,44.0,3.53,52.0,2.25,40.0,29.0,1.77,0.0,"August 13, 2022"
162,Brad Tavares,JunYong Park,20,10,0,185.42,91.16,187.96,3.38,43.0,3.15,56.0,0.78,27.0,81.0,0.0,13,4,0,177.8,83.9,185.42,,,,,,,,,0.0,"October 12, 2024"
163,Ismail Naurdiev,JunYong Park,24,7,0,182.88,83.9,187.96,3.41,54.0,1.52,67.0,1.6,40.0,73.0,0.2,13,4,0,177.8,83.9,185.42,,,,,,,,,0.0,"June 21, 2025"
164,Eryk Anders,JunYong Park,14,5,0,185.42,83.9,190.5,3.16,47.0,3.93,51.0,1.44,32.0,74.0,0.1,13,4,0,177.8,83.9,185.42,,,,,,,,,0.0,"May 21, 2022"
165,Joseph Holmes,JunYong Park,8,2,0,193.04,88.44,203.2,3.31,52.0,2.9,61.0,1.89,38.0,60.0,1.26,13,4,0,177.8,83.9,185.42,,,,,,,,,0.0,"October 29, 2022"
166,Albert Duraev,JunYong Park,16,4,0,180.34,84.35,190.5,2.94,41.0,2.53,64.0,2.07,27.0,50.0,0.69,13,4,0,177.8,83.9,185.42,,,,,,,,,0.0,"July 15, 2023"
167,Jack Hermansson,Gregory Rodrigues,24,8,0,185.42,83.9,196.85,5.09,45.0,3.69,56.0,1.53,30.0,81.0,0.38,16,6,0,190.5,83.9,190.5,5.6,53.0,4.95,51.0,2.31,38.0,89.0,0.31,0.0,"June 28, 2025"
168,Brad Tavares,Gregory Rodrigues,20,9,0,185.42,91.16,187.96,3.38,43.0,3.03,57.0,0.81,27.0,82.0,0.0,14,5,0,190.5,84.35,190.5,5.99,56.0,5.67,51.0,2.4,50.0,100.0,0.53,0.0,"February 10, 2024"
169,Chidi Njokuani,Gregory Rodrigues,22,7,0,190.5,83.9,203.2,3.76,74.0,1.45,57.0,0.0,0.0,76.0,0.47,12,4,0,190.5,84.13,190.5,6.0,56.0,5.73,54.0,2.4,54.0,100.0,0.68,0.0,"September 17, 2022"
170,Christian Leroy Duncan,Gregory Rodrigues,10,1,0,187.96,89.34,200.66,5.96,63.0,3.82,51.0,0.45,14.0,50.0,0.0,15,5,0,190.5,84.35,190.5,6.08,56.0,5.3,52.0,2.46,46.0,100.0,0.45,0.0,"July 27, 2024"
171,Jared Cannonier,Gregory Rodrigues,17,8,0,180.34,83.45,196.85,4.49,50.0,4.39,57.0,0.42,47.0,63.0,0.0,16,5,0,190.5,83.9,190.5,5.52,56.0,4.69,51.0,2.74,42.0,100.0,0.37,1.0,"February 15, 2025"
172,JunYong Park,Gregory Rodrigues,13,4,0,177.8,83.9,185.42,,,,,,,,,10,3,0,190.5,83.9,190.5,,,,,,,,,0.0,"October 23, 2021"
173,Julian Marquez,Gregory Rodrigues,9,2,0,187.96,94.69,182.88,4.2,45.0,3.13,55.0,0.0,0.0,53.0,3.21,11,3,0,190.5,91.16,190.5,5.28,54.0,5.87,52.0,2.59,54.0,100.0,0.74,0.0,"June 18, 2022"
174,Brad Tavares,Bruno Silva,19,8,0,185.42,84.13,187.96,3.3,43.0,3.01,57.0,0.86,27.0,81.0,0.0,13,5,2,162.56,56.92,165.1,3.05,47.0,3.09,59.0,2.57,30.0,64.0,0.26,0.0,"April 22, 2023"
175,Shara Magomedov,Bruno Silva,11,0,0,187.91,91.16,,,,,,,,,,13,5,2,162.56,56.92,165.1,3.05,47.0,3.09,59.0,2.57,30.0,64.0,0.26,1.0,"October 21, 2023"
176,Ismail Naurdiev,Bruno Silva,19,4,0,182.88,77.1,187.96,3.17,53.0,1.3,68.0,1.25,71.0,70.0,0.25,14,5,2,162.56,57.14,165.1,3.32,49.0,3.14,59.0,2.26,29.0,60.0,0.23,1.0,"October 26, 2024"
177,Marc-Andre Barriault,Bruno Silva,16,9,0,185.42,83.9,187.96,5.98,48.0,5.58,52.0,0.21,25.0,67.0,0.1,14,6,2,162.56,57.14,165.1,3.54,49.0,4.08,52.0,1.92,25.0,60.0,0.19,1.0,"May 10, 2025"
178,Alex Pereira,Bruno Silva,4,1,0,193.04,84.26,200.66,2.08,61.0,0.57,73.0,0.0,,71.0,0.0,12,5,2,162.56,56.69,165.1,2.6,43.0,3.51,56.0,3.14,30.0,62.0,0.0,1.0,"March 12, 2022"
179,Chris Weidman,Bruno Silva,15,7,0,187.96,84.35,198.12,2.98,43.0,3.27,51.0,3.6,43.0,65.0,0.84,13,5,2,162.56,56.92,165.1,3.05,47.0,3.09,59.0,2.57,30.0,64.0,0.26,1.0,"March 30, 2024"
180,Brendan Allen,Bruno Silva,21,5,0,187.96,84.35,190.5,3.85,53.0,3.87,47.0,1.27,47.0,56.0,1.56,13,5,2,162.56,56.92,165.1,3.05,47.0,3.09,59.0,2.57,30.0,64.0,0.26,1.0,"June 24, 2023"
181,Jordan Wright,Bruno Silva,12,1,0,187.96,83.9,195.58,7.13,60.0,7.49,40.0,0.0,0.0,100.0,0.0,12,5,2,162.56,56.69,165.1,2.6,43.0,3.51,56.0,3.14,30.0,62.0,0.0,0.0,"December 11, 2021"
182,Robert Whittaker,Dricus Du Plessis,25,6,0,182.88,84.35,186.69,4.48,42.0,3.26,61.0,0.82,38.0,84.0,0.0,19,2,0,185.42,92.7,193.04,6.72,55.0,3.73,53.0,2.83,47.0,50.0,1.26,0.0,"July 08, 2023"
183,Brad Tavares,Dricus Du Plessis,19,7,0,185.42,83.67,187.96,3.18,42.0,2.76,58.0,0.91,27.0,79.0,0.0,16,2,0,185.42,83.9,193.04,5.07,48.0,2.39,68.0,2.99,50.0,,0.0,0.0,"July 02, 2022"
184,Trevin Giles,Dricus Du Plessis,14,2,0,182.88,83.9,187.96,3.57,57.0,1.83,64.0,1.45,88.0,81.0,0.21,15,2,0,185.42,83.9,193.04,,,,,,,,,0.0,"July 10, 2021"
185,Sean Strickland,Dricus Du Plessis,28,5,0,185.42,89.8,193.04,5.82,42.0,4.24,63.0,0.92,64.0,84.0,0.2,20,2,0,185.42,84.35,193.04,6.95,56.0,3.79,53.0,2.72,50.0,40.0,1.09,0.0,"January 20, 2024"
186,Darren Till,Dricus Du Plessis,18,4,1,182.88,84.13,189.23,2.26,47.0,3.02,58.0,0.5,42.0,79.0,0.0,17,2,0,185.42,90.7,193.04,6.55,52.0,4.23,53.0,1.2,18.0,100.0,0.0,0.0,"December 10, 2022"
187,Brad Tavares,Antonio Carlos Junior,17,7,0,185.42,83.9,187.96,3.0,40.0,2.76,56.0,1.03,27.0,78.0,0.0,11,4,0,187.96,83.9,200.66,1.12,42.0,3.65,40.0,2.92,80.0,73.0,2.19,1.0,"January 23, 2021"
188,Derek Brunson,Dricus Du Plessis,23,8,0,185.42,84.13,195.58,3.5,48.0,2.84,52.0,3.23,33.0,89.0,0.57,18,2,0,185.42,90.7,193.04,6.62,54.0,3.73,52.0,3.18,47.0,50.0,1.19,0.0,"March 04, 2023"
189,Uriah Hall,Antonio Carlos Junior,15,9,0,182.88,83.9,201.93,3.43,51.0,3.82,53.0,0.84,39.0,71.0,0.24,11,2,0,187.96,83.9,203.2,1.12,42.0,3.65,40.0,2.92,80.0,73.0,2.19,1.0,"September 14, 2019"
190,Derek Brunson,Edmen Shahbazyan,20,7,0,185.42,83.9,195.58,3.21,45.0,3.24,53.0,2.6,27.0,100.0,0.46,11,0,0,187.96,83.9,187.96,2.24,60.0,2.56,53.0,7.68,38.0,75.0,0.0,1.0,"August 01, 2020"
191,Brad Tavares,Edmen Shahbazyan,17,5,0,185.42,83.9,187.96,3.02,41.0,2.73,56.0,1.04,27.0,78.0,0.0,9,0,0,187.96,83.9,,2.24,60.0,2.56,53.0,7.68,38.0,75.0,0.0,0.0,"November 02, 2019"
192,Robert Whittaker,Israel Adesanya,21,4,0,182.88,83.9,186.69,4.82,41.0,3.65,61.0,0.37,57.0,84.0,0.0,17,0,0,193.04,83.9,203.2,4.47,54.0,2.07,69.0,0.0,0.0,85.0,0.22,0.0,"October 05, 2019"
193,Jack Hermansson,Edmen Shahbazyan,21,6,0,185.42,83.9,196.85,4.9,56.0,1.77,64.0,2.38,47.0,73.0,0.89,11,1,0,187.96,83.9,187.96,3.26,51.0,4.41,50.0,4.54,41.0,58.0,0.5,1.0,"May 22, 2021"
194,Dricus Du Plessis,Israel Adesanya,21,2,0,185.42,83.45,193.04,6.49,50.0,4.77,55.0,3.0,52.0,40.0,0.75,24,3,0,193.04,83.81,203.2,3.93,48.0,3.11,56.0,0.05,14.0,78.0,0.15,1.0,"August 17, 2024"
195,Kelvin Gastelum,Israel Adesanya,16,3,0,175.26,83.9,181.61,3.86,44.0,2.87,61.0,0.82,50.0,63.0,0.18,16,0,0,193.04,83.9,203.2,4.47,54.0,2.07,69.0,0.0,0.0,85.0,0.22,0.0,"April 13, 2019"
196,Jan Blachowicz,Israel Adesanya,27,8,0,187.96,97.96,198.12,3.45,49.0,2.77,54.0,1.16,52.0,66.0,0.27,20,0,0,193.04,83.9,203.2,4.1,50.0,2.33,65.0,0.0,0.0,87.0,0.33,1.0,"March 06, 2021"
197,Alex Pereira,Israel Adesanya,7,1,0,193.04,93.61,200.66,5.23,60.0,3.63,53.0,0.33,100.0,74.0,0.0,23,2,0,193.04,83.9,203.2,3.93,50.0,2.8,58.0,0.06,14.0,78.0,0.17,0.0,"April 08, 2023"
198,Israel Adesanya,Robert Whittaker,21,1,0,193.04,83.9,203.2,3.94,50.0,2.59,62.0,0.0,0.0,80.0,0.24,24,5,0,182.88,83.9,186.69,4.68,42.0,3.34,61.0,0.64,34.0,84.0,0.0,1.0,"February 12, 2022"
199,Derek Brunson,Elias Theodorou,18,7,0,185.42,83.9,195.58,3.12,43.0,3.04,51.0,2.35,24.0,100.0,0.54,17,2,0,185.42,83.9,191.77,4.17,43.0,2.24,55.0,1.4,29.0,60.0,0.0,1.0,"May 04, 2019"
200,Israel Adesanya,Yoel Romero,17,0,0,,,203.2,,,,,0.0,,,,13,3,0,,,186.69,,,,,1.98,,,,1.0,"March 07, 2020"
